,idd,f3db,gm_db,lf_gain,pm_deg,ug,name,type,time,OK
0,91.96668,2.4951260000000004,-38.30615,21.90635,95.97879,0.03091658,lstb_SchGtAssVlTl,Sch,Tue Apr 16 01:59:31 2024,False
1,82.37818,583.6806,-26.99528,26.14348,62.48244,11.01446,lstb_SchGtAssVlTh,Sch,Tue Apr 16 01:59:24 2024,False
