,idd,f3db,gm_db,lf_gain,pm_deg,ug,name,type,time,OK
0,35.45669,11.24886,-45.3205,21.98417,95.15295,0.14080489999999998,lstb_SchGtAssVlTl,Sch,Fri Mar 22 18:26:21 2024,False
1,76.809,1267.489,-24.5938,20.60782,61.38758,12.96543,lstb_SchGtAssVlTh,Sch,Fri Mar 22 18:26:08 2024,False
