,idd,f3db,gm_db,lf_gain,pm_deg,ug,name,type,time,OK
0,45.52909,989.6684,-26.95415,24.00667,60.83806,14.409559999999999,lstb_SchGtAffVhTl,Sch,Fri Mar 22 18:58:46 2024,False
1,97.04635,2923.194,-21.47863,17.56662,54.29091,21.10361,lstb_SchGtAffVhTh,Sch,Fri Mar 22 18:58:41 2024,False
